{
  "items": [
    {
      "type": "file",
      "ctime": 1692236252475,
      "path": "Neurons/KG_DND_Games/DM_Template 1.canvas"
    },
    {
      "type": "file",
      "ctime": 1692315042155,
      "path": "Research Communities/NERD/Neurons/Active Neurons/HyperStructures_Hub.canvas",
      "title": "Hypestructures"
    },
    {
      "type": "folder",
      "ctime": 1692449850191,
      "path": "Neurons",
      "title": "Neurons"
    },
    {
      "type": "file",
      "ctime": 1692450042663,
      "path": "Study Questions/202308182351_Barter_Myth.md",
      "title": "barter"
    },
    {
      "type": "file",
      "ctime": 1692650527803,
      "path": "Study Questions/Philosophy/Data_Science/Barter_Myth/Hyperstructural.md"
    },
    {
      "type": "folder",
      "ctime": 1692650706108,
      "path": "Study Questions/Philosophy/Game_Theory/Monkey_Business"
    },
    {
      "type": "file",
      "ctime": 1692853252453,
      "path": "Study Questions/Philosophy/Data_Science/Distributed_Systems/Knowledge Graphs/AI Librarian/Ai_Librarian.canvas",
      "title": "agi"
    }
  ]
}