{
  "main": {
    "id": "788c67e6d4262c72",
    "type": "split",
    "children": [
      {
        "id": "2a57ddaffb218c1e",
        "type": "tabs",
        "children": [
          {
            "id": "35003f31508a4dea",
            "type": "leaf",
            "pinned": true,
            "state": {
              "type": "canvas",
              "state": {
                "file": "Study Questions/Philosophy/Data_Science/Distributed_Systems/Knowledge Graphs/AI Librarian/Ai_Librarian.canvas",
                "viewState": {
                  "x": -154.37209516645862,
                  "y": 152.08579128318308,
                  "zoom": -2.1913177569002
                }
              },
              "pinned": true
            }
          },
          {
            "id": "6b4cf67b33547b35",
            "type": "leaf",
            "state": {
              "type": "surfing-view",
              "state": {
                "url": "https://github.com/XpressAI/xai-gpt-agent-toolkit"
              }
            }
          },
          {
            "id": "e3690275732003af",
            "type": "leaf",
            "state": {
              "type": "markdown",
              "state": {
                "file": "Xircuits_Github.md",
                "mode": "source",
                "source": false
              }
            }
          },
          {
            "id": "d0388bac6ad03d44",
            "type": "leaf",
            "state": {
              "type": "make-folder-view",
              "state": {
                "contextPath": "Study Questions/Philosophy/Data_Science/Distributed_Systems/Knowledge Graphs/NerdBrain Research/kNeuron_Taxonomy"
              }
            }
          }
        ],
        "currentTab": 3
      }
    ],
    "direction": "vertical"
  },
  "left": {
    "id": "61a5cc76ea127f53",
    "type": "split",
    "children": [
      {
        "id": "f5a1b7666c051777",
        "type": "tabs",
        "children": [
          {
            "id": "2b2540b06cb0f4f4",
            "type": "leaf",
            "state": {
              "type": "file-explorer",
              "state": {
                "sortOrder": "alphabetical"
              }
            }
          },
          {
            "id": "5ed4e9c635acb691",
            "type": "leaf",
            "state": {
              "type": "search",
              "state": {
                "query": "tag:#202308211502_Philosophy",
                "matchingCase": false,
                "explainSearch": false,
                "collapseAll": false,
                "extraContext": false,
                "sortOrder": "alphabetical"
              }
            }
          },
          {
            "id": "c1c748caca35b901",
            "type": "leaf",
            "state": {
              "type": "make-folder-view",
              "state": {
                "contextPath": "Research Communities/NERD/Neurons"
              }
            }
          },
          {
            "id": "974b8b8daedbf853",
            "type": "leaf",
            "state": {
              "type": "surfing-tab-tree",
              "state": {}
            }
          },
          {
            "id": "bb2d02a79bebb6c4",
            "type": "leaf",
            "state": {
              "type": "make-folder-view",
              "state": {
                "contextPath": "Study Questions/202308211505_Game_Theory/202308211526_Monkey_Business"
              }
            }
          },
          {
            "id": "3ebfc776b4d00669",
            "type": "leaf",
            "state": {
              "type": "mk-file-view",
              "state": {}
            }
          },
          {
            "id": "d1a886282e6fa140",
            "type": "leaf",
            "state": {
              "type": "bookmarks",
              "state": {}
            }
          }
        ],
        "currentTab": 5
      }
    ],
    "direction": "horizontal",
    "width": 386.5
  },
  "right": {
    "id": "3c448487b46927f5",
    "type": "split",
    "children": [
      {
        "id": "297ed56edea81c52",
        "type": "tabs",
        "children": [
          {
            "id": "15cc90092bdc7549",
            "type": "leaf",
            "state": {
              "type": "backlink",
              "state": {
                "collapseAll": false,
                "extraContext": false,
                "sortOrder": "alphabetical",
                "showSearch": false,
                "searchQuery": "",
                "backlinkCollapsed": false,
                "unlinkedCollapsed": true
              }
            }
          },
          {
            "id": "304dea1bf4b6b001",
            "type": "leaf",
            "state": {
              "type": "outgoing-link",
              "state": {
                "linksCollapsed": false,
                "unlinkedCollapsed": true
              }
            }
          },
          {
            "id": "3d4de3cf0267a32b",
            "type": "leaf",
            "state": {
              "type": "tag",
              "state": {
                "sortOrder": "frequency",
                "useHierarchy": true
              }
            }
          },
          {
            "id": "3c2cafb87bf601e2",
            "type": "leaf",
            "state": {
              "type": "outline",
              "state": {}
            }
          },
          {
            "id": "bb8f9da9fe3471cc",
            "type": "leaf",
            "state": {
              "type": "calendar",
              "state": {}
            }
          },
          {
            "id": "57e47edcf3f59017",
            "type": "leaf",
            "state": {
              "type": "DICE_ROLLER_VIEW",
              "state": {}
            }
          },
          {
            "id": "8de5a25e317cd2ab",
            "type": "leaf",
            "state": {
              "type": "initiative-tracker-view",
              "state": {}
            }
          },
          {
            "id": "9c57105554ef9ffe",
            "type": "leaf",
            "state": {
              "type": "copilot-chat-view",
              "state": {}
            }
          },
          {
            "id": "d585912f588f7c89",
            "type": "leaf",
            "state": {
              "type": "smart-connections-view",
              "state": {}
            }
          },
          {
            "id": "d2aa33ff492923ed",
            "type": "leaf",
            "state": {
              "type": "smart-connections-chat-view",
              "state": {}
            }
          }
        ],
        "currentTab": 9
      }
    ],
    "direction": "horizontal",
    "width": 385.5,
    "collapsed": true
  },
  "left-ribbon": {
    "hiddenItems": {
      "initiative-tracker:Initiative Tracker Encounter Builder": false,
      "copilot:Copilot Chat": false,
      "obsidian-read-it-later:ReadItLater: Save clipboard": false,
      "obsidian-textgenerator-plugin:Generate Text!": false,
      "obsidian-textgenerator-plugin:Text Generator: Templates Packages Manager": false,
      "switcher:Open quick switcher": false,
      "graph:Open graph view": false,
      "canvas:Create new canvas": false,
      "daily-notes:Open today's daily note": false,
      "templates:Insert template": false,
      "command-palette:Open command palette": false,
      "zk-prefixer:Create new unique note": false,
      "obsidian-advanced-slides:Show Slide Preview": false,
      "table-editor-obsidian:Advanced Tables Toolbar": false,
      "dbfolder:Create a new database table": false,
      "templater-obsidian:Templater": false,
      "obsidian-excalidraw-plugin:Create new drawing": false,
      "notion-like-tables:Create new loom": false,
      "publish:Publish changes...": false
    }
  },
  "floating": {
    "id": "47ce0f8d8c733a91",
    "type": "floating",
    "children": [
      {
        "id": "b2df7c82d16c8fe4",
        "type": "window",
        "children": [
          {
            "id": "938b63e901e273cf",
            "type": "tabs",
            "children": [
              {
                "id": "40fccfbd7b5c95e3",
                "type": "leaf",
                "state": {
                  "type": "surfing-view",
                  "state": {
                    "url": "https://www.chess.com/game/live/86619066409"
                  }
                }
              }
            ]
          }
        ],
        "direction": "vertical",
        "x": 462,
        "y": 372,
        "width": 1322,
        "height": 696,
        "maximize": false,
        "zoom": 0
      },
      {
        "id": "466f219dbf0adf50",
        "type": "window",
        "children": [
          {
            "id": "fb3ca08c084c243e",
            "type": "tabs",
            "children": [
              {
                "id": "327e7bd85b888d06",
                "type": "leaf",
                "state": {
                  "type": "markdown",
                  "state": {
                    "file": "Study Questions/Philosophy/Data_Science/Distributed_Systems/Knowledge Graphs/NerdBrain Research/kNeuron_Taxonomy/Kneuron_Knowledge_Hub.md",
                    "mode": "source",
                    "source": false
                  }
                }
              }
            ]
          }
        ],
        "direction": "vertical",
        "x": 1639,
        "y": 244,
        "width": 1024,
        "height": 735,
        "maximize": true,
        "zoom": 0
      }
    ]
  },
  "active": "d0388bac6ad03d44",
  "lastOpenFiles": [
    "Study Questions/Philosophy/Data_Science/Distributed_Systems/Knowledge Graphs/NerdBrain Research/kNeuron_Taxonomy/kNeuron_Taxonomy.md",
    "Study Questions/Philosophy/Data_Science/Distributed_Systems/Knowledge Graphs/NerdBrain Research/kNeuron_Taxonomy/Kneuron_Knowledge_Hub.md",
    "Study Questions/Philosophy/Data_Science/Distributed_Systems/Knowledge Graphs/NerdBrain Research/kNeuron_Taxonomy",
    "Study Questions/Philosophy/Data_Science/Distributed_Systems/Knowledge Graphs/NerdBrain Research/NerdBrain Research.md",
    "Study Questions/Philosophy/Data_Science/Distributed_Systems/Knowledge Graphs/AI Librarian/Ai_Librarian.canvas",
    "Xircuits_Github.md",
    "Study Questions/Philosophy/Data_Science/Distributed_Systems/Knowledge Graphs/AI Librarian/AI Librarian.md",
    "Study Questions/Philosophy/Data_Science/Distributed_Systems/Knowledge Graphs/AI Librarian/Baby_Agi/baby_Librarian.md",
    "Study Questions/Philosophy/Data_Science/Distributed_Systems/Knowledge Graphs/AI Librarian/Baby_Agi/Baby_Agi.md",
    "Study Questions/Philosophy/Data_Science/Distributed_Systems/Knowledge Graphs/AI Librarian/Baby_Agi/202308230824_Baby_Agi.md",
    "Study Questions/Philosophy/Data_Science/Barter_Myth/Barter_Myth.md",
    "Study Questions/Philosophy/Data_Science/Distributed_Systems/Knowledge Graphs/Knowledge Graphs.md",
    "Study Questions/Philosophy/Data_Science/Distributed_Systems/Knowledge Graphs/AI Librarian/ai_Librarian_Research_Hub.md",
    "Study Questions/Philosophy/Data_Science/Data_Science.md",
    "Study Questions/Philosophy/Philosophy.md",
    "Study Questions/Study Questions.md",
    "Research Communities/NERD/Knowledge/Philosophy/Design/Urbanism/Urbanism.md",
    "Study Questions/202308232354.md",
    "Research Communities/NERD/Knowledge/Philosophy/Philosophy Subject Index/Phylosophy Index.md",
    "Research Communities/NERD/Knowledge/Data/Quant_Questions/Quant_Questions.md",
    "Research Communities/NERD/Knowledge/Philosophy/Philosophy Subject Index",
    "Research Communities/NERD/Knowledge/Data/Database/Database.md",
    "Research Communities/NERD/Knowledge/Nerd Quests/Nerd Quests.md",
    "Research Communities/NERD/Knowledge/Knowledge Index.md",
    "Research Communities/NERD/Knowledge/IoK.md",
    "Research Communities/NERD/Knowledge/Data/Ner/NerdDocs.md",
    "Research Communities/NERD/Knowledge/Knowledge.md",
    "Research Communities/NERD/Knowledge/Data/Files/Barter_Raw.md",
    "README.md",
    "Neurons/Nerd_Dungeon_Master.canvas",
    "Study Questions/Philosophy/History/Geopolitics_Question/Barter_Myth/202308182351_Barter_Myth.canvas",
    "Study Questions/Philosophy/History/Geopolitics_Question/Geopolitics/Raw_Data",
    "Study Questions/Philosophy/History/Geopolitics_Question/Geopolitics/Parsed_Data",
    "Study Questions/Philosophy/History/Geopolitics_Question/Geopolitics",
    "Study Questions/Philosophy/History/Geopolitics_Question/Barter_Myth",
    "Study Questions/Philosophy/History/Geopolitics_Question",
    "Study Questions/Philosophy/History",
    "Neurons/KG_DND_Games/DM_Template 1.canvas",
    "Pasted Image 20230823131759_017.png",
    "Neurons/Chess_Coach.canvas",
    "Study Questions/Philosophy/Data_Science/Barter_Myth/HyperStructures_Hub.canvas",
    "Neurons/Ip_Research_Hub.canvas",
    "Study Questions/Philosophy/Intelectual_Property",
    "Study Questions/Philosophy/Data_Science/Distributed_Systems/Knowledge Graphs/Baby_Agi",
    "202308230824_Baby_Agi.canvas",
    "NerdMap.canvas",
    "Pasted image 20230823070033.png",
    "Neurons/Active Neurons/202308221722_Lamden.canvas",
    "Research Communities/NERD/Data 1/Files/Pasted Image 20230816223243_863.png",
    "Research Communities/obsidian-hub-main/00 - Contribute to the Obsidian Hub/02 Attachments/vscode-regex-find-replace.png",
    "Research Communities/obsidian-hub-main/00 - Contribute to the Obsidian Hub/02 Attachments/theme-submission-propose-changes.png",
    "Research Communities/obsidian-hub-main/00 - Contribute to the Obsidian Hub/02 Attachments/theme-submission-add-info.png",
    "Research Communities/obsidian-hub-main/00 - Contribute to the Obsidian Hub/02 Attachments/theme-submission-add-comma.png",
    "Research Communities/obsidian-hub-main/00 - Contribute to the Obsidian Hub/02 Attachments/theme-submission-PR-template.png",
    "Research Communities/obsidian-hub-main/00 - Contribute to the Obsidian Hub/02 Attachments/task-plugins-sorted.png",
    "Research Communities/obsidian-hub-main/00 - Contribute to the Obsidian Hub/02 Attachments/safe-mode-on.png"
  ]
}